Model,Scenario,Region,Variable,Unit,2015,2016,2017,2018,2019,2020,2021,2022,2023,2024,2025,2026,2027,2028,2029,2030,2031,2032,2033,2034,2035,2036,2037,2038,2039,2040,2041,2042,2043,2044,2045,2046,2047,2048,2049,2050,2051,2052,2053,2054,2055,2056,2057,2058,2059,2060,2061,2062,2063,2064,2065,2066,2067,2068,2069,2070,2071,2072,2073,2074,2075,2076,2077,2078,2079,2080,2081,2082,2083,2084,2085,2086,2087,2088,2089,2090,2091,2092,2093,2094,2095,2096,2097,2098,2099,2100,2101,2102,2103,2104,2105,2106,2107,2108,2109,2110,2111,2112,2113,2114,2115,2116,2117,2118,2119,2120,2121,2122,2123,2124,2125,2126,2127,2128,2129,2130,2131,2132,2133,2134,2135,2136,2137,2138,2139,2140,2141,2142,2143,2144,2145,2146,2147,2148,2149,2150
AIM,rcp60,World,Emissions|CO2,Mt CO2/yr,34367.3,34355.42,34343.54,34331.66,34319.78,34307.9,34337.63667,34367.37333,34397.11,34426.84667,34456.58333,34486.32,34516.05667,34545.79333,34575.53,34605.26667,35119.48,35633.69333,36147.90667,36662.12,37176.33333,37690.54667,38204.76,38718.97333,39233.18667,39747.4,40385.32667,41023.25333,41661.18,42299.10667,42937.03333,43574.96,44212.88667,44850.81333,45488.74,46126.66667,46854.86667,47583.06667,48311.26667,49039.46667,49767.66667,50495.86667,51224.06667,51952.26667,52680.46667,53408.66667,54109.25667,54809.84667,55510.43667,56211.02667,56911.61667,57612.20667,58312.79667,59013.38667,59713.97667,60414.56667,60798.83333,61183.1,61567.36667,61951.63333,62335.9,62720.16667,63104.43333,63488.7,63872.96667,64257.23333,63168.56333,62079.89333,60991.22333,59902.55333,58813.88333,57725.21333,56636.54333,55547.87333,54459.20333,53370.53333,53142.87,52915.20667,52687.54333,52459.88,52232.21667,52004.55333,51776.89,51549.22667,51321.56333,51093.9,50315.39333,49536.88667,48758.38,47979.87333,47201.36667,46422.86,45644.35333,44865.84667,44087.34,43308.83333,42530.32667,41751.82,40973.31333,40194.80667,39416.3,38637.79333,37859.28667,37080.78,36302.27333,35523.76667,34745.26,33966.75333,33188.24667,32409.74,31631.23333,30879.3276,30127.42187,29375.51577,28623.61003,27871.7043,27119.79857,26367.89283,25615.9871,24864.081,24112.17527,23360.26953,22608.3638,21856.45807,21104.55233,20352.64623,19600.7405,18848.83477,18096.92903,17345.0233,16593.11757,15841.21147,15089.30573,14337.4,13081.93333,12856.06667
AIM,rcp60,World,Emissions|CO2|MAGICC AFOLU,Mt CO2/yr,2353.45,2180.713333,2007.976667,1835.24,1662.503333,1489.766667,1136.446667,783.1266667,429.8066667,76.48666667,-276.8333333,-630.1533333,-983.4733333,-1336.793333,-1690.113333,-2043.433333,-2100.926667,-2158.42,-2215.913333,-2273.406667,-2330.9,-2388.393333,-2445.886667,-2503.38,-2560.873333,-2618.366667,-2526.59,-2434.813333,-2343.036667,-2251.26,-2159.483333,-2067.706667,-1975.93,-1884.153333,-1792.376667,-1700.6,-1625.286667,-1549.973333,-1474.66,-1399.346667,-1324.033333,-1248.72,-1173.406667,-1098.093333,-1022.78,-947.4666667,-863.4633333,-779.46,-695.4566667,-611.4533333,-527.45,-443.4466667,-359.4433333,-275.44,-191.4366667,-107.4333333,-7.186666667,93.06,193.3066667,293.5533333,393.8,494.0466667,594.2933333,694.54,794.7866667,895.0333333,894.4466667,893.86,893.2733333,892.6866667,892.1,891.5133333,890.9266667,890.34,889.7533333,889.1666667,866.7633333,844.36,821.9566667,799.5533333,777.15,754.7466667,732.3433333,709.94,687.5366667,665.1333333,638.528,611.9226667,585.3173333,558.712,532.1066667,505.5013333,478.896,452.2906667,425.6853333,399.08,372.4746667,345.8693333,319.264,292.6586667,266.0533333,239.448,212.8426667,186.2373333,159.632,133.0266667,106.4213333,79.816,53.21066667,26.60533333,0,0,0,0,0,0,0,0,0,0,0,0,0,0,0,0,0,0,0,0,0,0,0,0,0,0
AIM,rcp60,World,Emissions|CO2|MAGICC Fossil and Industrial,Mt CO2/yr,32013.85,32174.70667,32335.56333,32496.42,32657.27667,32818.13333,33201.19,33584.24667,33967.30333,34350.36,34733.41667,35116.47333,35499.53,35882.58667,36265.64333,36648.7,37220.40667,37792.11333,38363.82,38935.52667,39507.23333,40078.94,40650.64667,41222.35333,41794.06,42365.76667,42911.91667,43458.06667,44004.21667,44550.36667,45096.51667,45642.66667,46188.81667,46734.96667,47281.11667,47827.26667,48480.15333,49133.04,49785.92667,50438.81333,51091.7,51744.58667,52397.47333,53050.36,53703.24667,54356.13333,54972.72,55589.30667,56205.89333,56822.48,57439.06667,58055.65333,58672.24,59288.82667,59905.41333,60522,60806.02,61090.04,61374.06,61658.08,61942.1,62226.12,62510.14,62794.16,63078.18,63362.2,62274.11667,61186.03333,60097.95,59009.86667,57921.78333,56833.7,55745.61667,54657.53333,53569.45,52481.36667,52276.10667,52070.84667,51865.58667,51660.32667,51455.06667,51249.80667,51044.54667,50839.28667,50634.02667,50428.76667,49676.86533,48924.964,48173.06267,47421.16133,46669.26,45917.35867,45165.45733,44413.556,43661.65467,42909.75333,42157.852,41405.95067,40654.04933,39902.148,39150.24667,38398.34533,37646.444,36894.54267,36142.64133,35390.74,34638.83867,33886.93733,33135.036,32383.13467,31631.23333,30879.3276,30127.42187,29375.51577,28623.61003,27871.7043,27119.79857,26367.89283,25615.9871,24864.081,24112.17527,23360.26953,22608.3638,21856.45807,21104.55233,20352.64623,19600.7405,18848.83477,18096.92903,17345.0233,16593.11757,15841.21147,15089.30573,14337.4,13081.93333,12856.06667
AIM/CGE,ssp370,World,Emissions|CO2,Mt CO2/yr,39152.7263,40283.78868,41414.85107,42545.91345,43676.97584,44808.03822,45611.97033,46415.90244,47219.83455,48023.76666,48827.69877,49631.63088,50435.56299,51239.4951,52043.42721,52847.35932,53412.42037,53977.48142,54542.54247,55107.60352,55672.66458,56237.72563,56802.78668,57367.84773,57932.90878,58497.96983,58938.57871,59379.18759,59819.79647,60260.40535,60701.01423,61141.6231,61582.23198,62022.84086,62463.44974,62904.05862,63270.48952,63636.92042,64003.35132,64369.78222,64736.21312,65102.64402,65469.07492,65835.50582,66201.93672,66568.36762,66915.72872,67263.08981,67610.45091,67957.812,68305.1731,68652.53419,68999.89529,69347.25638,69694.61748,70041.97857,70378.30331,70714.62804,71050.95278,71387.27751,71723.60225,72059.92698,72396.25172,72732.57645,73068.90119,73405.22592,73844.60827,74283.99062,74723.37297,75162.75532,75602.13767,76041.52002,76480.90237,76920.28472,77359.66707,77799.04942,78291.72779,78784.40616,79277.08453,79769.7629,80262.44127,80755.11964,81247.79801,81740.47638,82233.15475,82725.83312,82138.91262,81551.99212,80965.07161,80378.15111,79791.23061,79204.31011,78617.38961,78030.4691,77443.5486,76856.6281,76269.7076,75682.7871,75095.86659,74508.94609,73922.02559,73335.10509,72748.18459,72161.26408,71574.34358,70987.42308,70400.50258,69813.58208,69226.66157,68639.74107,68052.82057,67465.90007,66878.97957,66292.05906,65705.13856,65118.21806,64531.29756,63944.37706,63357.45655,62770.53605,62183.61555,61596.69505,61009.77455,60422.85404,59835.93354,59249.01304,58662.09254,58075.17203,57488.25153,56901.33103,56314.41052,55727.49002,55140.56952,54553.64902,53966.72851,53379.80801
AIM/CGE,ssp370,World,Emissions|CO2|MAGICC AFOLU,Mt CO2/yr,3517.44,3588.970373,3660.500745,3732.031118,3803.56149,3875.091863,3839.38644,3803.681017,3767.975594,3732.270171,3696.564748,3660.859325,3625.153902,3589.448479,3553.743056,3518.037633,3482.424599,3446.811566,3411.198532,3375.585499,3339.972465,3304.359431,3268.746398,3233.133364,3197.520331,3161.907297,3134.629195,3107.351093,3080.072991,3052.794889,3025.516788,2998.238686,2970.960584,2943.682482,2916.40438,2889.126278,2914.668327,2940.210375,2965.752424,2991.294472,3016.83652,3042.378569,3067.920617,3093.462666,3119.004715,3144.546763,3134.943482,3125.340202,3115.736921,3106.13364,3096.530359,3086.927079,3077.323798,3067.720517,3058.117237,3048.513956,3027.99309,3007.472225,2986.951359,2966.430494,2945.909628,2925.388762,2904.867897,2884.347031,2863.826166,2843.3053,2815.46841,2787.63152,2759.79463,2731.95774,2704.12085,2676.28396,2648.44707,2620.61018,2592.77329,2564.9364,2574.05487,2583.17334,2592.29181,2601.41028,2610.52875,2619.64722,2628.76569,2637.88416,2647.00263,2656.1211,2602.998678,2549.876256,2496.753834,2443.631412,2390.50899,2337.386568,2284.264146,2231.141724,2178.019302,2124.89688,2071.774458,2018.652036,1965.529614,1912.407192,1859.28477,1806.162348,1753.039926,1699.917504,1646.795082,1593.67266,1540.550238,1487.427816,1434.305394,1381.182972,1328.06055,1274.938128,1221.815706,1168.693284,1115.570862,1062.44844,1009.326018,956.203596,903.081174,849.958752,796.83633,743.713908,690.591486,637.469064,584.346642,531.22422,478.101798,424.979376,371.856954,318.734532,265.61211,212.489688,159.367266,106.244844,53.122422,0
AIM/CGE,ssp370,World,Emissions|CO2|MAGICC Fossil and Industrial,Mt CO2/yr,35635.2863,36694.81831,37754.35032,38813.88234,39873.41435,40932.94636,41772.58389,42612.22142,43451.85896,44291.49649,45131.13402,45970.77155,46810.40908,47650.04662,48489.68415,49329.32168,49929.99577,50530.66985,51131.34394,51732.01802,52332.6921,52933.36619,53534.04027,54134.71436,54735.38844,55336.06253,55803.94951,56271.83649,56739.72347,57207.61045,57675.49744,58143.38442,58611.2714,59079.15838,59547.04536,60014.93234,60355.82119,60696.71004,61037.59889,61378.48774,61719.3766,62060.26545,62401.1543,62742.04315,63082.932,63423.82085,63780.78523,64137.7496,64494.71398,64851.67835,65208.64273,65565.60711,65922.57148,66279.53586,66636.50023,66993.46461,67350.31021,67707.15581,68064.00141,68420.84701,68777.69262,69134.53822,69491.38382,69848.22942,70205.07502,70561.92062,71029.13986,71496.3591,71963.57834,72430.79758,72898.01682,73365.23606,73832.4553,74299.67454,74766.89378,75234.11302,75717.67292,76201.23282,76684.79272,77168.35262,77651.91252,78135.47242,78619.03232,79102.59222,79586.15212,80069.71202,79535.91394,79002.11586,78468.31778,77934.5197,77400.72162,76866.92354,76333.12546,75799.32738,75265.5293,74731.73122,74197.93314,73664.13506,73130.33698,72596.5389,72062.74082,71528.94274,70995.14466,70461.34658,69927.5485,69393.75042,68859.95234,68326.15426,67792.35618,67258.5581,66724.76002,66190.96194,65657.16386,65123.36578,64589.5677,64055.76962,63521.97154,62988.17346,62454.37538,61920.5773,61386.77922,60852.98114,60319.18306,59785.38498,59251.5869,58717.78882,58183.99074,57650.19266,57116.39458,56582.5965,56048.79842,55515.00033,54981.20225,54447.40417,53913.60609,53379.80801
AIM/CGE,ssp370-lowNTCF-aerchemmip,World,Emissions|CO2,Mt CO2/yr,39152.7263,40283.78868,41414.85107,42545.91345,43676.97584,44808.03822,45611.97033,46415.90244,47219.83455,48023.76666,48827.69877,49631.63088,50435.56299,51239.4951,52043.42721,52847.35932,53412.42037,53977.48142,54542.54247,55107.60352,55672.66458,56237.72563,56802.78668,57367.84773,57932.90878,58497.96983,58938.57871,59379.18759,59819.79647,60260.40535,60701.01423,61141.6231,61582.23198,62022.84086,62463.44974,62904.05862,63270.48952,63636.92042,64003.35132,64369.78222,64736.21312,65102.64402,65469.07492,65835.50582,66201.93672,66568.36762,66915.72872,67263.08981,67610.45091,67957.812,68305.1731,68652.53419,68999.89529,69347.25638,69694.61748,70041.97857,70378.30331,70714.62804,71050.95278,71387.27751,71723.60225,72059.92698,72396.25172,72732.57645,73068.90119,73405.22592,73844.60827,74283.99062,74723.37297,75162.75532,75602.13767,76041.52002,76480.90237,76920.28472,77359.66707,77799.04942,78291.72779,78784.40616,79277.08453,79769.7629,80262.44127,80755.11964,81247.79801,81740.47638,82233.15475,82725.83312,82138.91262,81551.99212,80965.07161,80378.15111,79791.23061,79204.31011,78617.38961,78030.4691,77443.5486,76856.6281,76269.7076,75682.7871,75095.86659,74508.94609,73922.02559,73335.10509,72748.18459,72161.26408,71574.34358,70987.42308,70400.50258,69813.58208,69226.66157,68639.74107,68052.82057,67465.90007,66878.97957,66292.05906,65705.13856,65118.21806,64531.29756,63944.37706,63357.45655,62770.53605,62183.61555,61596.69505,61009.77455,60422.85404,59835.93354,59249.01304,58662.09254,58075.17203,57488.25153,56901.33103,56314.41052,55727.49002,55140.56952,54553.64902,53966.72851,53379.80801
AIM/CGE,ssp370-lowNTCF-aerchemmip,World,Emissions|CO2|MAGICC AFOLU,Mt CO2/yr,3517.44,3588.970373,3660.500745,3732.031118,3803.56149,3875.091863,3839.38644,3803.681017,3767.975594,3732.270171,3696.564748,3660.859325,3625.153902,3589.448479,3553.743056,3518.037633,3482.424599,3446.811566,3411.198532,3375.585499,3339.972465,3304.359431,3268.746398,3233.133364,3197.520331,3161.907297,3134.629195,3107.351093,3080.072991,3052.794889,3025.516788,2998.238686,2970.960584,2943.682482,2916.40438,2889.126278,2914.668327,2940.210375,2965.752424,2991.294472,3016.83652,3042.378569,3067.920617,3093.462666,3119.004715,3144.546763,3134.943482,3125.340202,3115.736921,3106.13364,3096.530359,3086.927079,3077.323798,3067.720517,3058.117237,3048.513956,3027.99309,3007.472225,2986.951359,2966.430494,2945.909628,2925.388762,2904.867897,2884.347031,2863.826166,2843.3053,2815.46841,2787.63152,2759.79463,2731.95774,2704.12085,2676.28396,2648.44707,2620.61018,2592.77329,2564.9364,2574.05487,2583.17334,2592.29181,2601.41028,2610.52875,2619.64722,2628.76569,2637.88416,2647.00263,2656.1211,2602.998678,2549.876256,2496.753834,2443.631412,2390.50899,2337.386568,2284.264146,2231.141724,2178.019302,2124.89688,2071.774458,2018.652036,1965.529614,1912.407192,1859.28477,1806.162348,1753.039926,1699.917504,1646.795082,1593.67266,1540.550238,1487.427816,1434.305394,1381.182972,1328.06055,1274.938128,1221.815706,1168.693284,1115.570862,1062.44844,1009.326018,956.203596,903.081174,849.958752,796.83633,743.713908,690.591486,637.469064,584.346642,531.22422,478.101798,424.979376,371.856954,318.734532,265.61211,212.489688,159.367266,106.244844,53.122422,0
AIM/CGE,ssp370-lowNTCF-aerchemmip,World,Emissions|CO2|MAGICC Fossil and Industrial,Mt CO2/yr,35635.2863,36694.81831,37754.35032,38813.88234,39873.41435,40932.94636,41772.58389,42612.22142,43451.85896,44291.49649,45131.13402,45970.77155,46810.40908,47650.04662,48489.68415,49329.32168,49929.99577,50530.66985,51131.34394,51732.01802,52332.6921,52933.36619,53534.04027,54134.71436,54735.38844,55336.06253,55803.94951,56271.83649,56739.72347,57207.61045,57675.49744,58143.38442,58611.2714,59079.15838,59547.04536,60014.93234,60355.82119,60696.71004,61037.59889,61378.48774,61719.3766,62060.26545,62401.1543,62742.04315,63082.932,63423.82085,63780.78523,64137.7496,64494.71398,64851.67835,65208.64273,65565.60711,65922.57148,66279.53586,66636.50023,66993.46461,67350.31021,67707.15581,68064.00141,68420.84701,68777.69262,69134.53822,69491.38382,69848.22942,70205.07502,70561.92062,71029.13986,71496.3591,71963.57834,72430.79758,72898.01682,73365.23606,73832.4553,74299.67454,74766.89378,75234.11302,75717.67292,76201.23282,76684.79272,77168.35262,77651.91252,78135.47242,78619.03232,79102.59222,79586.15212,80069.71202,79535.91394,79002.11586,78468.31778,77934.5197,77400.72162,76866.92354,76333.12546,75799.32738,75265.5293,74731.73122,74197.93314,73664.13506,73130.33698,72596.5389,72062.74082,71528.94274,70995.14466,70461.34658,69927.5485,69393.75042,68859.95234,68326.15426,67792.35618,67258.5581,66724.76002,66190.96194,65657.16386,65123.36578,64589.5677,64055.76962,63521.97154,62988.17346,62454.37538,61920.5773,61386.77922,60852.98114,60319.18306,59785.38498,59251.5869,58717.78882,58183.99074,57650.19266,57116.39458,56582.5965,56048.79842,55515.00033,54981.20225,54447.40417,53913.60609,53379.80801
AIM/CGE,ssp370-lowNTCF-gidden,World,Emissions|CO2,Mt CO2/yr,39152.7263,40291.11937,41429.51244,42567.9055,43706.29857,44844.69164,45664.84342,46484.99521,47305.14699,48125.29878,48945.45056,49765.60234,50585.75413,51405.90591,52226.0577,53046.20948,53652.76555,54259.32162,54865.87769,55472.43376,56078.98984,56685.54591,57292.10198,57898.65805,58505.21412,59111.77019,59576.0655,60040.36082,60504.65614,60968.95145,61433.24677,61897.54208,62361.8374,62826.13271,63290.42803,63754.72334,64197.99202,64641.26071,65084.52939,65527.79807,65971.06675,66414.33544,66857.60412,67300.8728,67744.14149,68187.41017,68608.80406,69030.19795,69451.59184,69872.98573,70294.37963,70715.77352,71137.16741,71558.5613,71979.95519,72401.34908,72819.45646,73237.56385,73655.67123,74073.77862,74491.886,74909.99338,75328.10077,75746.20815,76164.31554,76582.42292,77019.23347,77456.04402,77892.85457,78329.66512,78766.47567,79203.28622,79640.09677,80076.90732,80513.71787,80950.52842,81438.74479,81926.96116,82415.17753,82903.3939,83391.61027,83879.82664,84368.04301,84856.25938,85344.47575,85832.69212,85224.31589,84615.93966,84007.56343,83399.1872,82790.81097,82182.43473,81574.0585,80965.68227,80357.30604,79748.92981,79140.55358,78532.17735,77923.80111,77315.42488,76707.04865,76098.67242,75490.29619,74881.91995,74273.54372,73665.16749,73056.79126,72448.41503,71840.0388,71231.66257,70623.28634,70014.9101,69406.53387,68798.15764,68189.78141,67581.40518,66973.02895,66364.65272,65756.27648,65147.90025,64539.52402,63931.14779,63322.77156,62714.39532,62106.01909,61497.64286,60889.26663,60280.8904,59672.51417,59064.13794,58455.76171,57847.38547,57239.00924,56630.63301,56022.25678,55413.88055
AIM/CGE,ssp370-lowNTCF-gidden,World,Emissions|CO2|MAGICC AFOLU,Mt CO2/yr,3517.44,3589.795855,3662.15171,3734.507564,3806.863419,3879.219274,3843.346078,3807.472883,3771.599687,3735.726491,3699.853295,3663.9801,3628.106904,3592.233708,3556.360513,3520.487317,3484.878407,3449.269497,3413.660588,3378.051678,3342.442768,3306.833858,3271.224948,3235.616039,3200.007129,3164.398219,3137.436435,3110.47465,3083.512866,3056.551082,3029.589298,3002.627513,2975.665729,2948.703945,2921.74216,2894.780376,2920.798593,2946.816809,2972.835026,2998.853243,3024.87146,3050.889676,3076.907893,3102.92611,3128.944326,3154.962543,3145.913897,3136.865251,3127.816605,3118.767959,3109.719313,3100.670666,3091.62202,3082.573374,3073.524728,3064.476082,3044.554244,3024.632406,3004.710567,2984.788729,2964.866891,2944.945053,2925.023215,2905.101376,2885.179538,2865.2577,2850.83808,2836.41846,2821.99884,2807.57922,2793.1596,2778.73998,2764.32036,2749.90074,2735.48112,2721.0615,2720.14248,2719.22346,2718.30444,2717.38542,2716.4664,2715.54738,2714.62836,2713.70934,2712.79032,2711.8713,2657.633874,2603.396448,2549.159022,2494.921596,2440.68417,2386.446744,2332.209318,2277.971892,2223.734466,2169.49704,2115.259614,2061.022188,2006.784762,1952.547336,1898.30991,1844.072484,1789.835058,1735.597632,1681.360206,1627.12278,1572.885354,1518.647928,1464.410502,1410.173076,1355.93565,1301.698224,1247.460798,1193.223372,1138.985946,1084.74852,1030.511094,976.273668,922.036242,867.798816,813.56139,759.323964,705.086538,650.849112,596.611686,542.37426,488.136834,433.899408,379.661982,325.424556,271.18713,216.949704,162.712278,108.474852,54.237426,0
AIM/CGE,ssp370-lowNTCF-gidden,World,Emissions|CO2|MAGICC Fossil and Industrial,Mt CO2/yr,35635.2863,36701.32351,37767.36073,38833.39794,39899.43516,40965.47237,41821.49735,42677.52233,43533.54731,44389.57229,45245.59727,46101.62224,46957.64722,47813.6722,48669.69718,49525.72216,50167.88714,50810.05212,51452.2171,52094.38208,52736.54706,53378.71205,54020.87703,54663.04201,55305.20699,55947.37197,56438.62907,56929.88617,57421.14327,57912.40037,58403.65747,58894.91457,59386.17167,59877.42877,60368.68587,60859.94297,61277.19344,61694.4439,62111.69437,62528.94483,62946.1953,63363.44577,63780.69623,64197.9467,64615.19716,65032.44763,65462.89017,65893.3327,66323.77524,66754.21777,67184.66031,67615.10285,68045.54538,68475.98792,68906.43045,69336.87299,69774.90221,70212.93144,70650.96066,71088.98988,71527.01911,71965.04833,72403.07755,72841.10677,73279.136,73717.16522,74168.39539,74619.62556,75070.85573,75522.0859,75973.31607,76424.54624,76875.77641,77327.00658,77778.23675,78229.46692,78718.60231,79207.7377,79696.87309,80186.00848,80675.14387,81164.27926,81653.41465,82142.55004,82631.68543,83120.82082,82566.68202,82012.54321,81458.4044,80904.2656,80350.12679,79795.98799,79241.84918,78687.71038,78133.57158,77579.43277,77025.29396,76471.15516,75917.01635,75362.87755,74808.73874,74254.59993,73700.46113,73146.32232,72592.18352,72038.04471,71483.90591,70929.7671,70375.6283,69821.48949,69267.35069,68713.21188,68159.07308,67604.93427,67050.79547,66496.65666,65942.51785,65388.37905,64834.24024,64280.10144,63725.96263,63171.82382,62617.68502,62063.54621,61509.40741,60955.2686,60401.1298,59846.99099,59292.85218,58738.71338,58184.57458,57630.43577,57076.29697,56522.15816,55968.01935,55413.88055
GCAM4,ssp434,World,Emissions|CO2,Mt CO2/yr,39152.7263,39137.44495,39122.1636,39106.88224,39091.60089,39076.31954,38614.61753,38152.91552,37691.21351,37229.5115,36767.80949,36306.10749,35844.40548,35382.70347,34921.00146,34459.29945,33787.28044,33115.26144,32443.24243,31771.22342,31099.20442,30427.18541,29755.1664,29083.14739,28411.12839,27739.10938,26949.07527,26159.04115,25369.00704,24578.97293,23788.93881,22998.9047,22208.87059,21418.83648,20628.80236,19838.76825,19360.47376,18882.17928,18403.88479,17925.59031,17447.29582,16969.00133,16490.70685,16012.41236,15534.11788,15055.82339,14635.8147,14215.80601,13795.79733,13375.78864,12955.77995,12535.77126,12115.76257,11695.75389,11275.7452,10855.73651,10141.63089,9427.525266,8713.419643,7999.314021,7285.208399,6571.102777,5856.997155,5142.891532,4428.78591,3714.680288,2747.274598,1779.868908,812.4632186,-154.9424712,-1122.348161,-2089.753851,-3057.159541,-4024.56523,-4991.97092,-5959.37661,-6845.13349,-7730.89037,-8616.64725,-9502.40413,-10388.16101,-11273.91789,-12159.67477,-13045.43165,-13931.18853,-14816.94541,-14846.49209,-14876.03876,-14905.58544,-14935.13211,-14964.67879,-14994.22546,-15023.77214,-15053.31881,-15082.86549,-15112.41216,-15141.95883,-15171.50551,-15201.05218,-15230.59886,-15260.14553,-15289.6922,-15319.23888,-15348.78555,-15378.33223,-15407.8789,-15437.42557,-15466.97225,-15496.51892,-15526.0656,-15555.61227,-15585.15894,-15614.70562,-15644.25229,-15673.79897,-15703.34564,-15732.89231,-15762.43899,-15791.98566,-15821.53234,-15851.07901,-15880.62568,-15910.17236,-15939.71903,-15969.26571,-15998.81238,-15702.47347,-15406.13456,-15109.79566,-14813.45675,-14517.11784,-14220.77893,-13924.44002,-13628.10112,-13331.76221,-13035.4233
GCAM4,ssp434,World,Emissions|CO2|MAGICC AFOLU,Mt CO2/yr,3517.44,3095.91213,2674.38426,2252.85639,1831.32852,1409.80065,1168.378526,926.9564014,685.5342771,444.1121528,202.6900285,-38.7320958,-280.1542201,-521.5763444,-762.9984687,-1004.420593,-1012.044017,-1019.66744,-1027.290864,-1034.914287,-1042.537711,-1050.161134,-1057.784558,-1065.407981,-1073.031405,-1080.654828,-1030.971603,-981.2883775,-931.6051523,-881.921927,-832.2387018,-782.5554765,-732.8722513,-683.189026,-633.5058007,-583.8225755,-319.4992118,-55.175848,209.1475158,473.4708795,737.7942433,1002.117607,1266.440971,1530.764335,1795.087698,2059.411062,2377.371063,2695.331064,3013.291065,3331.251066,3649.211067,3967.171068,4285.131069,4603.09107,4921.051071,5239.011072,5300.729985,5362.448898,5424.16781,5485.886723,5547.605636,5609.324549,5671.043462,5732.762374,5794.481287,5856.2002,5639.103613,5422.007026,5204.910438,4987.813851,4770.717264,4553.620677,4336.52409,4119.427502,3902.330915,3685.234328,3464.444266,3243.654205,3022.864143,2802.074081,2581.28402,2360.493958,2139.703896,1918.913834,1698.123773,1477.333711,1447.787037,1418.240363,1388.693688,1359.147014,1329.60034,1300.053666,1270.506992,1240.960317,1211.413643,1181.866969,1152.320295,1122.773621,1093.226946,1063.680272,1034.133598,1004.586924,975.0402495,945.4935752,915.946901,886.4002268,856.8535526,827.3068783,797.7602041,768.2135299,738.6668557,709.1201814,679.5735072,650.026833,620.4801587,590.9334845,561.3868103,531.8401361,502.2934618,472.7467876,443.2001134,413.6534392,384.106765,354.5600907,325.0134165,295.4667423,265.9200681,236.3733938,206.8267196,177.2800454,147.7333712,118.1866969,88.64002269,59.09334846,29.54667423,0
GCAM4,ssp434,World,Emissions|CO2|MAGICC Fossil and Industrial,Mt CO2/yr,35635.2863,36041.53282,36447.77934,36854.02586,37260.27238,37666.5189,37446.23901,37225.95913,37005.67924,36785.39936,36565.11947,36344.83958,36124.5597,35904.27981,35683.99993,35463.72004,34799.32446,34134.92887,33470.53329,32806.13771,32141.74213,31477.34654,30812.95096,30148.55538,29484.15979,28819.76421,27980.04687,27140.32953,26300.6122,25460.89486,24621.17752,23781.46018,22941.74284,22102.02551,21262.30817,20422.59083,19679.97298,18937.35513,18194.73728,17452.11943,16709.50158,15966.88373,15224.26588,14481.64803,13739.03018,12996.41233,12258.44364,11520.47495,10782.50626,10044.53757,9306.568886,8568.600197,7830.631508,7092.66282,6354.694131,5616.725442,4840.900907,4065.076371,3289.251836,2513.427301,1737.602765,961.7782302,185.9536949,-589.8708404,-1365.695376,-2141.519911,-2891.829014,-3642.138116,-4392.447219,-5142.756321,-5893.065424,-6643.374527,-7393.683629,-8143.992732,-8894.301834,-9644.610937,-10309.57776,-10974.54458,-11639.51139,-12304.47821,-12969.44503,-13634.41185,-14299.37867,-14964.34549,-15629.31231,-16294.27913,-16294.27913,-16294.27913,-16294.27913,-16294.27913,-16294.27913,-16294.27913,-16294.27913,-16294.27913,-16294.27913,-16294.27913,-16294.27913,-16294.27913,-16294.27913,-16294.27913,-16294.27913,-16294.27913,-16294.27913,-16294.27913,-16294.27913,-16294.27913,-16294.27913,-16294.27913,-16294.27913,-16294.27913,-16294.27913,-16294.27913,-16294.27913,-16294.27913,-16294.27913,-16294.27913,-16294.27913,-16294.27913,-16294.27913,-16294.27913,-16294.27913,-16294.27913,-16294.27913,-16294.27913,-16294.27913,-16294.27913,-15968.39355,-15642.50796,-15316.62238,-14990.7368,-14664.85121,-14338.96563,-14013.08005,-13687.19447,-13361.30888,-13035.4233
GCAM4,ssp460,World,Emissions|CO2,Mt CO2/yr,39152.7263,39137.44546,39122.16462,39106.88378,39091.60294,39076.3221,39685.48122,40294.64034,40903.79946,41512.95858,42122.1177,42731.27681,43340.43593,43949.59505,44558.75417,45167.91329,45465.4145,45762.91571,46060.41693,46357.91814,46655.41935,46952.92056,47250.42177,47547.92299,47845.4242,48142.92541,48166.41962,48189.91383,48213.40803,48236.90224,48260.39645,48283.89066,48307.38487,48330.87907,48354.37328,48377.86749,48266.5348,48155.20211,48043.86943,47932.53674,47821.20405,47709.87136,47598.53867,47487.20599,47375.8733,47264.54061,47005.44456,46746.34851,46487.25246,46228.15641,45969.06036,45709.96431,45450.86826,45191.77221,44932.67616,44673.58011,43946.26611,43218.95211,42491.63812,41764.32412,41037.01012,40309.69612,39582.38212,38855.06813,38127.75413,37400.44013,36623.51085,35846.58156,35069.65228,34292.72299,33515.79371,32738.86443,31961.93514,31185.00586,30408.07657,29631.14729,28860.53356,28089.91984,27319.30611,26548.69238,25778.07865,25007.46493,24236.8512,23466.23747,22695.62375,21925.01002,21804.27148,21683.53295,21562.79441,21442.05588,21321.31734,21200.5788,21079.84027,20959.10173,20838.3632,20717.62466,20596.88612,20476.14759,20355.40905,20234.67051,20113.93197,19993.19344,19872.4549,19751.71636,19630.97783,19510.23929,19389.50075,19268.76222,19148.02368,19027.28515,18906.54661,18785.80807,18665.06954,18544.331,18423.59247,18302.85393,18182.11539,18061.37686,17940.63832,17819.89979,17699.16125,17578.42271,17457.68418,17336.94564,17216.20711,17095.46857,16974.73003,16853.9915,16733.25296,16612.51442,16491.77588,16371.03735,16250.29881,16129.56027,16008.82174,15888.0832
GCAM4,ssp460,World,Emissions|CO2|MAGICC AFOLU,Mt CO2/yr,3517.44,3095.91213,2674.38426,2252.85639,1831.32852,1409.80065,1364.80979,1319.81893,1274.82807,1229.837211,1184.846351,1139.855491,1094.864631,1049.873771,1004.882911,959.8920515,1015.029572,1070.167093,1125.304613,1180.442134,1235.579654,1290.717175,1345.854695,1400.992216,1456.129736,1511.267257,1513.086736,1514.906215,1516.725695,1518.545174,1520.364653,1522.184132,1524.003611,1525.823091,1527.64257,1529.462049,1517.664188,1505.866326,1494.068465,1482.270603,1470.472742,1458.67488,1446.877018,1435.079157,1423.281296,1411.483434,1366.675829,1321.868224,1277.060618,1232.253013,1187.445408,1142.637803,1097.830197,1053.022592,1008.214987,963.4073818,806.7656558,650.1239298,493.4822037,336.8404777,180.1987517,23.55702568,-133.0847003,-289.7264264,-446.3681524,-603.0098784,-710.4340006,-817.8581227,-925.2822449,-1032.706367,-1140.130489,-1247.554611,-1354.978734,-1462.402856,-1569.826978,-1677.2511,-1700.237468,-1723.223836,-1746.210204,-1769.196572,-1792.182941,-1815.169309,-1838.155677,-1861.142045,-1884.128413,-1907.114781,-1868.972485,-1830.83019,-1792.687894,-1754.545599,-1716.403303,-1678.261007,-1640.118712,-1601.976416,-1563.834121,-1525.691825,-1487.549529,-1449.407234,-1411.264938,-1373.122643,-1334.980347,-1296.838051,-1258.695756,-1220.55346,-1182.411165,-1144.268869,-1106.126573,-1067.984278,-1029.841982,-991.6996864,-953.5573908,-915.4150952,-877.2727995,-839.1305039,-800.9882082,-762.8459126,-724.703617,-686.5613213,-648.4190257,-610.2767301,-572.1344344,-533.9921388,-495.8498432,-457.7075476,-419.5652519,-381.4229563,-343.2806607,-305.138365,-266.9960694,-228.8537738,-190.7114782,-152.5691825,-114.4268869,-76.28459126,-38.14229563,0
GCAM4,ssp460,World,Emissions|CO2|MAGICC Fossil and Industrial,Mt CO2/yr,35635.2863,36041.53333,36447.78036,36854.02739,37260.27442,37666.52145,38320.67143,38974.82141,39628.97139,40283.12137,40937.27134,41591.42132,42245.5713,42899.72128,43553.87126,44208.02124,44450.38493,44692.74862,44935.11231,45177.476,45419.8397,45662.20339,45904.56708,46146.93077,46389.29446,46631.65815,46653.33288,46675.00761,46696.68234,46718.35707,46740.0318,46761.70653,46783.38126,46805.05599,46826.73072,46848.40545,46748.87062,46649.33579,46549.80097,46450.26614,46350.73131,46251.19648,46151.66165,46052.12683,45952.592,45853.05717,45638.76873,45424.48028,45210.19184,44995.90339,44781.61495,44567.32651,44353.03806,44138.74962,43924.46117,43710.17273,43139.50046,42568.82819,41998.15591,41427.48364,40856.81137,40286.1391,39715.46683,39144.79455,38574.12228,38003.45001,37333.94485,36664.43969,35994.93453,35325.42937,34655.92421,33986.41904,33316.91388,32647.40872,31977.90356,31308.3984,30560.77104,29813.14368,29065.51632,28317.88896,27570.2616,26822.63424,26075.00688,25327.37952,24579.75216,23832.1248,23673.24397,23514.36314,23355.4823,23196.60147,23037.72064,22878.83981,22719.95898,22561.07814,22402.19731,22243.31648,22084.43565,21925.55482,21766.67398,21607.79315,21448.91232,21290.03149,21131.15066,20972.26982,20813.38899,20654.50816,20495.62733,20336.7465,20177.86566,20018.98483,19860.104,19701.22317,19542.34234,19383.4615,19224.58067,19065.69984,18906.81901,18747.93818,18589.05734,18430.17651,18271.29568,18112.41485,17953.53402,17794.65318,17635.77235,17476.89152,17318.01069,17159.12986,17000.24902,16841.36819,16682.48736,16523.60653,16364.7257,16205.84486,16046.96403,15888.0832
IMAGE,rcp26,World,Emissions|CO2,Mt CO2/yr,36920.4,37060.68667,37200.97333,37341.26,37481.54667,37621.83333,36773.11,35924.38667,35075.66333,34226.94,33378.21667,32529.49333,31680.77,30832.04667,29983.32333,29134.6,28063.23667,26991.87333,25920.51,24849.14667,23777.78333,22706.42,21635.05667,20563.69333,19492.33,18420.96667,17820.69667,17220.42667,16620.15667,16019.88667,15419.61667,14819.34667,14219.07667,13618.80667,13018.53667,12418.26667,11922.38667,11426.50667,10930.62667,10434.74667,9938.866667,9442.986667,8947.106667,8451.226667,7955.346667,7459.466667,6953.283333,6447.1,5940.916667,5434.733333,4928.55,4422.366667,3916.183333,3410,2903.816667,2397.633333,2200.77,2003.906667,1807.043333,1610.18,1413.316667,1216.453333,1019.59,822.7266667,625.8633333,429,287.8333333,146.6666667,5.5,-135.6666667,-276.8333333,-418,-559.1666667,-700.3333333,-841.5,-982.6666667,-1038.216667,-1093.766667,-1149.316667,-1204.866667,-1260.416667,-1315.966667,-1371.516667,-1427.066667,-1482.616667,-1538.166667,-1613.157333,-1688.148,-1763.138667,-1838.129333,-1913.12,-1988.110667,-2063.101333,-2138.092,-2213.082667,-2288.073333,-2363.064,-2438.054667,-2513.045333,-2588.036,-2663.026667,-2738.017333,-2813.008,-2887.998667,-2962.989333,-3037.98,-3112.970667,-3187.961333,-3262.952,-3337.942667,-3412.933333,-3412.933333,-3412.933333,-3412.933333,-3412.933333,-3412.933333,-3412.933333,-3412.933333,-3412.933333,-3412.933333,-3412.933333,-3412.933333,-3412.933333,-3412.933333,-3412.933333,-3412.933333,-3412.933333,-3412.933333,-3412.933333,-3412.933333,-3412.933333,-3412.933333,-3412.933333,-3412.933333,-3412.933333,-3412.933333
IMAGE,rcp26,World,Emissions|CO2|MAGICC AFOLU,Mt CO2/yr,3720.383333,3689.693333,3659.003333,3628.313333,3597.623333,3566.933333,3499.503333,3432.073333,3364.643333,3297.213333,3229.783333,3162.353333,3094.923333,3027.493333,2960.063333,2892.633333,2782.67,2672.706667,2562.743333,2452.78,2342.816667,2232.853333,2122.89,2012.926667,1902.963333,1793,1687.473333,1581.946667,1476.42,1370.893333,1265.366667,1159.84,1054.313333,948.7866667,843.26,737.7333333,889.5333333,1041.333333,1193.133333,1344.933333,1496.733333,1648.533333,1800.333333,1952.133333,2103.933333,2255.733333,2227.5,2199.266667,2171.033333,2142.8,2114.566667,2086.333333,2058.1,2029.866667,2001.633333,1973.4,1977.726667,1982.053333,1986.38,1990.706667,1995.033333,1999.36,2003.686667,2008.013333,2012.34,2016.666667,2035.88,2055.093333,2074.306667,2093.52,2112.733333,2131.946667,2151.16,2170.373333,2189.586667,2208.8,2175.396667,2141.993333,2108.59,2075.186667,2041.783333,2008.38,1974.976667,1941.573333,1908.17,1874.766667,1799.776,1724.785333,1649.794667,1574.804,1499.813333,1424.822667,1349.832,1274.841333,1199.850667,1124.86,1049.869333,974.8786667,899.888,824.8973333,749.9066667,674.916,599.9253333,524.9346667,449.944,374.9533333,299.9626667,224.972,149.9813333,74.99066667,0,0,0,0,0,0,0,0,0,0,0,0,0,0,0,0,0,0,0,0,0,0,0,0,0,0
IMAGE,rcp26,World,Emissions|CO2|MAGICC Fossil and Industrial,Mt CO2/yr,33200.01667,33370.99333,33541.97,33712.94667,33883.92333,34054.9,33273.60667,32492.31333,31711.02,30929.72667,30148.43333,29367.14,28585.84667,27804.55333,27023.26,26241.96667,25280.56667,24319.16667,23357.76667,22396.36667,21434.96667,20473.56667,19512.16667,18550.76667,17589.36667,16627.96667,16133.22333,15638.48,15143.73667,14648.99333,14154.25,13659.50667,13164.76333,12670.02,12175.27667,11680.53333,11032.85333,10385.17333,9737.493333,9089.813333,8442.133333,7794.453333,7146.773333,6499.093333,5851.413333,5203.733333,4725.783333,4247.833333,3769.883333,3291.933333,2813.983333,2336.033333,1858.083333,1380.133333,902.1833333,424.2333333,223.0433333,21.85333333,-179.3366667,-380.5266667,-581.7166667,-782.9066667,-984.0966667,-1185.286667,-1386.476667,-1587.666667,-1748.046667,-1908.426667,-2068.806667,-2229.186667,-2389.566667,-2549.946667,-2710.326667,-2870.706667,-3031.086667,-3191.466667,-3213.613333,-3235.76,-3257.906667,-3280.053333,-3302.2,-3324.346667,-3346.493333,-3368.64,-3390.786667,-3412.933333,-3412.933333,-3412.933333,-3412.933333,-3412.933333,-3412.933333,-3412.933333,-3412.933333,-3412.933333,-3412.933333,-3412.933333,-3412.933333,-3412.933333,-3412.933333,-3412.933333,-3412.933333,-3412.933333,-3412.933333,-3412.933333,-3412.933333,-3412.933333,-3412.933333,-3412.933333,-3412.933333,-3412.933333,-3412.933333,-3412.933333,-3412.933333,-3412.933333,-3412.933333,-3412.933333,-3412.933333,-3412.933333,-3412.933333,-3412.933333,-3412.933333,-3412.933333,-3412.933333,-3412.933333,-3412.933333,-3412.933333,-3412.933333,-3412.933333,-3412.933333,-3412.933333,-3412.933333,-3412.933333,-3412.933333,-3412.933333,-3412.933333,-3412.933333
IMAGE,ssp119,World,Emissions|CO2,Mt CO2/yr,39152.7263,39260.92633,39369.12636,39477.32639,39585.52642,39693.72645,38009.0809,36324.43534,34639.78979,32955.14424,31270.49868,29585.85313,27901.20758,26216.56203,24531.91647,22847.27092,21610.05271,20372.8345,19135.61629,17898.39808,16661.17987,15423.96166,14186.74345,12949.52524,11712.30703,10475.08882,9632.616094,8790.143368,7947.670641,7105.197915,6262.725189,5420.252463,4577.779737,3735.30701,2892.834284,2050.361558,1692.72757,1335.093583,977.4595955,619.825608,262.1916205,-95.442367,-453.0763545,-810.710342,-1168.34433,-1525.978317,-1821.0775,-2116.176683,-2411.275867,-2706.37505,-3001.474233,-3296.573416,-3591.672599,-3886.771783,-4181.870966,-4476.970149,-4760.151392,-5043.332635,-5326.513878,-5609.695121,-5892.876364,-6176.057607,-6459.23885,-6742.420093,-7025.601336,-7308.782579,-7634.406604,-7960.030629,-8285.654654,-8611.278679,-8936.902705,-9262.52673,-9588.150755,-9913.77478,-10239.3988,-10565.02283,-10897.4993,-11229.97577,-11562.45225,-11894.92872,-12227.40519,-12559.88166,-12892.35813,-13224.83461,-13557.31108,-13889.78755,-13842.15888,-13794.53021,-13746.90153,-13699.27286,-13651.64419,-13604.01552,-13556.38685,-13508.75817,-13461.1295,-13413.50083,-13365.87216,-13318.24349,-13270.61482,-13222.98615,-13175.35747,-13127.7288,-13080.10013,-13032.47146,-12984.84279,-12937.21412,-12889.58545,-12841.95678,-12794.3281,-12746.69943,-12699.07076,-12651.44209,-12603.81342,-12556.18474,-12508.55607,-12460.9274,-12413.29873,-12365.67006,-12318.04139,-12270.41272,-12222.78405,-12175.15537,-12127.5267,-12079.89803,-12032.26936,-11984.64069,-11706.84494,-11429.04919,-11151.25344,-10873.45768,-10595.66193,-10317.86618,-10040.07043,-9762.27468,-9484.478928,-9206.683177
IMAGE,ssp119,World,Emissions|CO2|MAGICC AFOLU,Mt CO2/yr,3517.44,3449.071496,3380.702993,3312.334489,3243.965986,3175.597482,2895.27044,2614.943398,2334.616357,2054.289315,1773.962273,1493.635231,1213.308189,932.9811476,652.6541058,372.327064,473.4592043,574.5913446,675.7234849,776.8556252,877.9877655,979.1199058,1080.252046,1181.384186,1282.516327,1383.648467,1163.77484,943.9012135,724.0275868,504.1539601,284.2803334,64.40670662,-155.4669201,-375.3405468,-595.2141736,-815.0878003,-882.6305403,-950.1732802,-1017.71602,-1085.25876,-1152.8015,-1220.34424,-1287.88698,-1355.42972,-1422.97246,-1490.5152,-1524.69155,-1558.8679,-1593.04425,-1627.2206,-1661.39695,-1695.573299,-1729.749649,-1763.925999,-1798.102349,-1832.278699,-1861.248811,-1890.218923,-1919.189035,-1948.159147,-1977.12926,-2006.099372,-2035.069484,-2064.039596,-2093.009708,-2121.97982,-2132.078104,-2142.176387,-2152.274671,-2162.372954,-2172.471238,-2182.569521,-2192.667805,-2202.766088,-2212.864372,-2222.962655,-2238.809747,-2254.656839,-2270.503931,-2286.351023,-2302.198115,-2318.045208,-2333.8923,-2349.739392,-2365.586484,-2381.433576,-2333.804905,-2286.176233,-2238.547562,-2190.91889,-2143.290219,-2095.661547,-2048.032875,-2000.404204,-1952.775532,-1905.146861,-1857.518189,-1809.889518,-1762.260846,-1714.632175,-1667.003503,-1619.374831,-1571.74616,-1524.117488,-1476.488817,-1428.860145,-1381.231474,-1333.602802,-1285.974131,-1238.345459,-1190.716788,-1143.088116,-1095.459445,-1047.830773,-1000.202102,-952.5734303,-904.9447588,-857.3160873,-809.6874157,-762.0587442,-714.4300727,-666.8014012,-619.1727297,-571.5440581,-523.9153866,-476.2867151,-428.6580436,-381.0293721,-333.4007006,-285.7720291,-238.1433576,-190.514686,-142.8860145,-95.25734302,-47.62867151,0
IMAGE,ssp119,World,Emissions|CO2|MAGICC Fossil and Industrial,Mt CO2/yr,35635.2863,35811.85483,35988.42337,36164.9919,36341.56044,36518.12897,35113.81046,33709.49195,32305.17343,30900.85492,29496.53641,28092.2179,26687.89939,25283.58087,23879.26236,22474.94385,21136.5935,19798.24315,18459.8928,17121.54245,15783.1921,14444.84175,13106.4914,11768.14105,10429.7907,9091.440353,8468.841253,7846.242154,7223.643054,6601.043955,5978.444855,5355.845756,4733.246656,4110.647557,3488.048457,2865.449358,2575.35811,2285.266863,1995.175615,1705.084368,1414.99312,1124.901873,834.8106255,544.719378,254.6281305,-35.46311702,-296.3859503,-557.3087836,-818.2316169,-1079.15445,-1340.077284,-1601.000117,-1861.92295,-2122.845783,-2383.768617,-2644.69145,-2898.902581,-3153.113712,-3407.324842,-3661.535973,-3915.747104,-4169.958235,-4424.169366,-4678.380496,-4932.591627,-5186.802758,-5502.3285,-5817.854241,-6133.379983,-6448.905724,-6764.431466,-7079.957208,-7395.482949,-7711.008691,-8026.534432,-8342.060174,-8658.689554,-8975.318933,-9291.948313,-9608.577692,-9925.207072,-10241.83645,-10558.46583,-10875.09521,-11191.72459,-11508.35397,-11508.35397,-11508.35397,-11508.35397,-11508.35397,-11508.35397,-11508.35397,-11508.35397,-11508.35397,-11508.35397,-11508.35397,-11508.35397,-11508.35397,-11508.35397,-11508.35397,-11508.35397,-11508.35397,-11508.35397,-11508.35397,-11508.35397,-11508.35397,-11508.35397,-11508.35397,-11508.35397,-11508.35397,-11508.35397,-11508.35397,-11508.35397,-11508.35397,-11508.35397,-11508.35397,-11508.35397,-11508.35397,-11508.35397,-11508.35397,-11508.35397,-11508.35397,-11508.35397,-11508.35397,-11508.35397,-11508.35397,-11278.18689,-11048.01981,-10817.85273,-10587.68565,-10357.51857,-10127.35149,-9897.184415,-9667.017336,-9436.850256,-9206.683177
IMAGE,ssp126,World,Emissions|CO2,Mt CO2/yr,39152.7263,39282.98373,39413.24115,39543.49858,39673.756,39804.01343,39297.05445,38790.09547,38283.1365,37776.17752,37269.21854,36762.25956,36255.30058,35748.34161,35241.38263,34734.42365,33911.89955,33089.37546,32266.85136,31444.32727,30621.80317,29799.27907,28976.75498,28154.23088,27331.70679,26509.18269,25654.61833,24800.05397,23945.48962,23090.92526,22236.3609,21381.79654,20527.23218,19672.66783,18818.10347,17963.53911,17219.98307,16476.42702,15732.87097,14989.31493,14245.75888,13502.20284,12758.64679,12015.09075,11271.5347,10527.97866,9922.813626,9317.648593,8712.483559,8107.318525,7502.153491,6896.988458,6291.823424,5686.65839,5081.493357,4476.328323,3700.191164,2924.054004,2147.916845,1371.779685,595.642526,-180.4946334,-956.6317928,-1732.768952,-2508.906112,-3285.043271,-3795.05724,-4305.07121,-4815.085179,-5325.099149,-5835.113118,-6345.127087,-6855.141057,-7365.155026,-7875.168996,-8385.182965,-8408.443291,-8431.703616,-8454.963941,-8478.224267,-8501.484592,-8524.744918,-8548.005244,-8571.265569,-8594.525895,-8617.78622,-8559.805505,-8501.82479,-8443.844074,-8385.863359,-8327.882644,-8269.901929,-8211.921214,-8153.940498,-8095.959783,-8037.979068,-7979.998353,-7922.017638,-7864.036922,-7806.056207,-7748.075492,-7690.094777,-7632.114062,-7574.133346,-7516.152631,-7458.171916,-7400.191201,-7342.210486,-7284.22977,-7226.249055,-7168.26834,-7110.287625,-7052.30691,-6994.326194,-6936.345479,-6878.364764,-6820.384049,-6762.403334,-6704.422618,-6646.441903,-6588.461188,-6530.480473,-6472.499758,-6414.519042,-6356.538327,-6298.557612,-6126.201888,-5953.846163,-5781.490439,-5609.134714,-5436.77899,-5264.423266,-5092.067541,-4919.711817,-4747.356092,-4575.000368
IMAGE,ssp126,World,Emissions|CO2|MAGICC AFOLU,Mt CO2/yr,3517.44,3449.617869,3381.795738,3313.973606,3246.151475,3178.329344,2879.302666,2580.275988,2281.24931,1982.222632,1683.195953,1384.169275,1085.142597,786.115919,487.0892409,188.0625628,130.4764143,72.89026586,15.30411739,-42.28203108,-99.86817955,-157.454328,-215.0404765,-272.626625,-330.2127734,-387.7989219,-524.8813284,-661.9637349,-799.0461414,-936.1285479,-1073.210954,-1210.293361,-1347.375767,-1484.458174,-1621.54058,-1758.622987,-1841.422237,-1924.221487,-2007.020737,-2089.819987,-2172.619237,-2255.418486,-2338.217736,-2421.016986,-2503.816236,-2586.615486,-2586.35078,-2586.086074,-2585.821368,-2585.556662,-2585.291956,-2585.027251,-2584.762545,-2584.497839,-2584.233133,-2583.968427,-2569.261767,-2554.555108,-2539.848448,-2525.141789,-2510.435129,-2495.72847,-2481.02181,-2466.315151,-2451.608491,-2436.901832,-2401.679709,-2366.457587,-2331.235464,-2296.013341,-2260.791219,-2225.569096,-2190.346973,-2155.12485,-2119.902728,-2084.680605,-2166.116121,-2247.551636,-2328.987151,-2410.422667,-2491.858182,-2573.293698,-2654.729214,-2736.164729,-2817.600245,-2899.03576,-2841.055045,-2783.07433,-2725.093614,-2667.112899,-2609.132184,-2551.151469,-2493.170754,-2435.190038,-2377.209323,-2319.228608,-2261.247893,-2203.267178,-2145.286462,-2087.305747,-2029.325032,-1971.344317,-1913.363602,-1855.382886,-1797.402171,-1739.421456,-1681.440741,-1623.460026,-1565.47931,-1507.498595,-1449.51788,-1391.537165,-1333.55645,-1275.575734,-1217.595019,-1159.614304,-1101.633589,-1043.652874,-985.6721584,-927.6914432,-869.710728,-811.7300128,-753.7492976,-695.7685824,-637.7878672,-579.807152,-521.8264368,-463.8457216,-405.8650064,-347.8842912,-289.903576,-231.9228608,-173.9421456,-115.9614304,-57.9807152,0
IMAGE,ssp126,World,Emissions|CO2|MAGICC Fossil and Industrial,Mt CO2/yr,35635.2863,35833.36586,36031.44542,36229.52497,36427.60453,36625.68409,36417.75179,36209.81949,36001.88719,35793.95489,35586.02259,35378.09029,35170.15799,34962.22569,34754.29339,34546.36109,33781.42314,33016.48519,32251.54725,31486.6093,30721.67135,29956.7334,29191.79545,28426.85751,27661.91956,26896.98161,26179.49966,25462.01771,24744.53575,24027.0538,23309.57185,22592.0899,21874.60795,21157.12599,20439.64404,19722.16209,19061.4053,18400.6485,17739.89171,17079.13491,16418.37812,15757.62133,15096.86453,14436.10774,13775.35094,13114.59415,12509.16441,11903.73467,11298.30493,10692.87519,10087.44545,9482.01571,8876.58597,8271.15623,7665.72649,7060.29675,6269.452931,5478.609112,4687.765293,3896.921474,3106.077656,2315.233837,1524.390018,733.5461989,-57.29762001,-848.1414389,-1393.377531,-1938.613623,-2483.849715,-3029.085807,-3574.321899,-4119.557992,-4664.794084,-5210.030176,-5755.266268,-6300.50236,-6242.32717,-6184.15198,-6125.97679,-6067.8016,-6009.62641,-5951.45122,-5893.27603,-5835.10084,-5776.92565,-5718.75046,-5718.75046,-5718.75046,-5718.75046,-5718.75046,-5718.75046,-5718.75046,-5718.75046,-5718.75046,-5718.75046,-5718.75046,-5718.75046,-5718.75046,-5718.75046,-5718.75046,-5718.75046,-5718.75046,-5718.75046,-5718.75046,-5718.75046,-5718.75046,-5718.75046,-5718.75046,-5718.75046,-5718.75046,-5718.75046,-5718.75046,-5718.75046,-5718.75046,-5718.75046,-5718.75046,-5718.75046,-5718.75046,-5718.75046,-5718.75046,-5718.75046,-5718.75046,-5718.75046,-5718.75046,-5718.75046,-5718.75046,-5604.375451,-5490.000442,-5375.625432,-5261.250423,-5146.875414,-5032.500405,-4918.125396,-4803.750386,-4689.375377,-4575.000368
MESSAGE,rcp85,World,Emissions|CO2,Mt CO2/yr,41091.05,41998.44,42905.83,43813.22,44720.61,45628,46401.70333,47175.40667,47949.11,48722.81333,49496.51667,50270.22,51043.92333,51817.62667,52591.33,53365.03333,54420.11667,55475.2,56530.28333,57585.36667,58640.45,59695.53333,60750.61667,61805.7,62860.78333,63915.86667,65143.83333,66371.8,67599.76667,68827.73333,70055.7,71283.66667,72511.63333,73739.6,74967.56667,76195.53333,77411.58333,78627.63333,79843.68333,81059.73333,82275.78333,83491.83333,84707.88333,85923.93333,87139.98333,88356.03333,89190.97,90025.90667,90860.84333,91695.78,92530.71667,93365.65333,94200.59,95035.52667,95870.46333,96705.4,97197.06333,97688.72667,98180.39,98672.05333,99163.71667,99655.38,100147.0433,100638.7067,101130.37,101622.0333,101921.0867,102220.14,102519.1933,102818.2467,103117.3,103416.3533,103715.4067,104014.46,104313.5133,104612.5667,104717.5433,104822.52,104927.4967,105032.4733,105137.45,105242.4267,105347.4033,105452.38,105557.3567,105662.3333,105651.04,105639.7467,105628.4533,105617.16,105605.8667,105594.5733,105583.28,105571.9867,105560.6933,105549.4,105538.1067,105526.8133,105515.52,105504.2267,105492.9333,105481.64,105470.3467,105459.0533,105447.76,105436.4667,105425.1733,105413.88,105402.5867,105391.2933,105380,105380,105380,105380,105380,105380,105380,105380,105380,105380,105380,105380,105380,105380,105380,105380,105380,105380,105380,105380,105380,105380,105380,105380,105380,105380
MESSAGE,rcp85,World,Emissions|CO2|MAGICC AFOLU,Mt CO2/yr,3575.366667,3525.06,3474.753333,3424.446667,3374.14,3323.833333,3253.616667,3183.4,3113.183333,3042.966667,2972.75,2902.533333,2832.316667,2762.1,2691.883333,2621.666667,2596,2570.333333,2544.666667,2519,2493.333333,2467.666667,2442,2416.333333,2390.666667,2365,2339.7,2314.4,2289.1,2263.8,2238.5,2213.2,2187.9,2162.6,2137.3,2112,2084.5,2057,2029.5,2002,1974.5,1947,1919.5,1892,1864.5,1837,1804.366667,1771.733333,1739.1,1706.466667,1673.833333,1641.2,1608.566667,1575.933333,1543.3,1510.666667,1472.9,1435.133333,1397.366667,1359.6,1321.833333,1284.066667,1246.3,1208.533333,1170.766667,1133,1090.833333,1048.666667,1006.5,964.3333333,922.1666667,880,837.8333333,795.6666667,753.5,711.3333333,668.4333333,625.5333333,582.6333333,539.7333333,496.8333333,453.9333333,411.0333333,368.1333333,325.2333333,282.3333333,271.04,259.7466667,248.4533333,237.16,225.8666667,214.5733333,203.28,191.9866667,180.6933333,169.4,158.1066667,146.8133333,135.52,124.2266667,112.9333333,101.64,90.34666667,79.05333333,67.76,56.46666667,45.17333333,33.88,22.58666667,11.29333333,0,0,0,0,0,0,0,0,0,0,0,0,0,0,0,0,0,0,0,0,0,0,0,0,0,0
MESSAGE,rcp85,World,Emissions|CO2|MAGICC Fossil and Industrial,Mt CO2/yr,37515.68333,38473.38,39431.07667,40388.77333,41346.47,42304.16667,43148.08667,43992.00667,44835.92667,45679.84667,46523.76667,47367.68667,48211.60667,49055.52667,49899.44667,50743.36667,51824.11667,52904.86667,53985.61667,55066.36667,56147.11667,57227.86667,58308.61667,59389.36667,60470.11667,61550.86667,62804.13333,64057.4,65310.66667,66563.93333,67817.2,69070.46667,70323.73333,71577,72830.26667,74083.53333,75327.08333,76570.63333,77814.18333,79057.73333,80301.28333,81544.83333,82788.38333,84031.93333,85275.48333,86519.03333,87386.60333,88254.17333,89121.74333,89989.31333,90856.88333,91724.45333,92592.02333,93459.59333,94327.16333,95194.73333,95724.16333,96253.59333,96783.02333,97312.45333,97841.88333,98371.31333,98900.74333,99430.17333,99959.60333,100489.0333,100830.2533,101171.4733,101512.6933,101853.9133,102195.1333,102536.3533,102877.5733,103218.7933,103560.0133,103901.2333,104049.11,104196.9867,104344.8633,104492.74,104640.6167,104788.4933,104936.37,105084.2467,105232.1233,105380,105380,105380,105380,105380,105380,105380,105380,105380,105380,105380,105380,105380,105380,105380,105380,105380,105380,105380,105380,105380,105380,105380,105380,105380,105380,105380,105380,105380,105380,105380,105380,105380,105380,105380,105380,105380,105380,105380,105380,105380,105380,105380,105380,105380,105380,105380,105380,105380,105380,105380
MESSAGE-GLOBIOM,ssp245,World,Emissions|CO2,Mt CO2/yr,39152.7263,39451.68702,39750.64774,40049.60846,40348.56918,40647.5299,40930.38317,41213.23643,41496.0897,41778.94296,42061.79623,42344.64949,42627.50276,42910.35602,43193.20929,43476.06255,43553.7463,43631.43005,43709.11379,43786.79754,43864.48129,43942.16504,44019.84879,44097.53253,44175.21628,44252.90003,44173.82903,44094.75803,44015.68703,43936.61603,43857.54504,43778.47404,43699.40304,43620.33204,43541.26104,43462.19004,43135.61952,42809.049,42482.47848,42155.90796,41829.33744,41502.76691,41176.19639,40849.62587,40523.05535,40196.48483,39700.37972,39204.27461,38708.1695,38212.06439,37715.95928,37219.85417,36723.74906,36227.64395,35731.53884,35235.43373,34395.7277,33556.02167,32716.31565,31876.60962,31036.90359,30197.19756,29357.49153,28517.78551,27678.07948,26838.37345,25786.97526,24735.57707,23684.17888,22632.78069,21581.3825,20529.98432,19478.58613,18427.18794,17375.78975,16324.39156,15660.23828,14996.08501,14331.93173,13667.77845,13003.62518,12339.4719,11675.31862,11011.16535,10347.01207,9682.858794,9682.307428,9681.756063,9681.204697,9680.653331,9680.101965,9679.5506,9678.999234,9678.447868,9677.896503,9677.345137,9676.793771,9676.242406,9675.69104,9675.139674,9674.588308,9674.036943,9673.485577,9672.934211,9672.382846,9671.83148,9671.280114,9670.728749,9670.177383,9669.626017,9669.074652,9668.523286,9667.97192,9667.420554,9666.869189,9666.317823,9665.766457,9665.215092,9664.663726,9664.11236,9663.560995,9663.009629,9662.458263,9661.906897,9661.355532,9660.804166,9660.2528,9659.701435,9659.150069,9658.598703,9658.047337,9657.495972,9656.944606,9656.39324,9655.841875,9655.290509
MESSAGE-GLOBIOM,ssp245,World,Emissions|CO2|MAGICC AFOLU,Mt CO2/yr,3517.44,3465.8322,3414.2244,3362.616599,3311.008799,3259.400999,3221.599525,3183.79805,3145.996576,3108.195101,3070.393627,3032.592152,2994.790678,2956.989203,2919.187729,2881.386254,2809.678809,2737.971364,2666.263919,2594.556474,2522.849029,2451.141584,2379.434139,2307.726694,2236.019249,2164.311804,1997.972335,1831.632865,1665.293396,1498.953927,1332.614458,1166.274989,999.9355193,833.59605,667.2565808,500.9171115,296.8338754,92.7506392,-111.3325969,-315.4158331,-519.4990692,-723.5823054,-927.6655416,-1131.748778,-1335.832014,-1539.91525,-1607.042567,-1674.169884,-1741.2972,-1808.424517,-1875.551834,-1942.679151,-2009.806468,-2076.933784,-2144.061101,-2211.188418,-2329.804061,-2448.419705,-2567.035348,-2685.650992,-2804.266635,-2922.882278,-3041.497922,-3160.113565,-3278.729209,-3397.344852,-3489.322577,-3581.300303,-3673.278028,-3765.255753,-3857.233479,-3949.211204,-4041.188929,-4133.166654,-4225.14438,-4317.122105,-4365.417591,-4413.713078,-4462.008564,-4510.304051,-4558.599537,-4606.895023,-4655.19051,-4703.485996,-4751.781483,-4800.076969,-4704.07543,-4608.07389,-4512.072351,-4416.070811,-4320.069272,-4224.067733,-4128.066193,-4032.064654,-3936.063114,-3840.061575,-3744.060036,-3648.058496,-3552.056957,-3456.055417,-3360.053878,-3264.052339,-3168.050799,-3072.04926,-2976.04772,-2880.046181,-2784.044642,-2688.043102,-2592.041563,-2496.040024,-2400.038485,-2304.036945,-2208.035406,-2112.033867,-2016.032327,-1920.030788,-1824.029249,-1728.027709,-1632.02617,-1536.02463,-1440.023091,-1344.021551,-1248.020012,-1152.018473,-1056.016933,-960.0153938,-864.0138544,-768.012315,-672.0107757,-576.0092363,-480.0076969,-384.0061575,-288.0046181,-192.0030788,-96.00153938,0
MESSAGE-GLOBIOM,ssp245,World,Emissions|CO2|MAGICC Fossil and Industrial,Mt CO2/yr,35635.2863,35985.85482,36336.42334,36686.99186,37037.56038,37388.1289,37708.78364,38029.43838,38350.09312,38670.74786,38991.4026,39312.05734,39632.71208,39953.36682,40274.02156,40594.6763,40744.06749,40893.45869,41042.84988,41192.24107,41341.63227,41491.02346,41640.41465,41789.80584,41939.19704,42088.58823,42175.8567,42263.12517,42350.39364,42437.66211,42524.93058,42612.19905,42699.46752,42786.73599,42874.00446,42961.27293,42838.78564,42716.29836,42593.81107,42471.32379,42348.8365,42226.34922,42103.86193,41981.37465,41858.88736,41736.40008,41307.42229,40878.44449,40449.4667,40020.48891,39591.51112,39162.53332,38733.55553,38304.57774,37875.59994,37446.62215,36725.53177,36004.44138,35283.351,34562.26061,33841.17023,33120.07984,32398.98946,31677.89907,30956.80869,30235.7183,29276.29784,28316.87737,27357.45691,26398.03645,25438.61599,24479.19552,23519.77506,22560.3546,21600.93413,20641.51367,20025.65588,19409.79809,18793.9403,18178.08251,17562.22472,16946.36692,16330.50913,15714.65134,15098.79355,14482.93576,14386.38286,14289.82995,14193.27704,14096.72414,14000.17124,13903.61833,13807.06543,13710.51252,13613.95962,13517.40671,13420.85381,13324.3009,13227.748,13131.19509,13034.64218,12938.08928,12841.53637,12744.98347,12648.43056,12551.87766,12455.32476,12358.77185,12262.21894,12165.66604,12069.11313,11972.56023,11876.00732,11779.45442,11682.90152,11586.34861,11489.79571,11393.2428,11296.6899,11200.13699,11103.58409,11007.03118,10910.47828,10813.92537,10717.37247,10620.81956,10524.26665,10427.71375,10331.16084,10234.60794,10138.05503,10041.50213,9944.949224,9848.396319,9751.843414,9655.290509
MiniCAM,rcp45,World,Emissions|CO2,Mt CO2/yr,36172.21667,36426.79333,36681.37,36935.94667,37190.52333,37445.1,37796.11,38147.12,38498.13,38849.14,39200.15,39551.16,39902.17,40253.18,40604.19,40955.2,41089.80333,41224.40667,41359.01,41493.61333,41628.21667,41762.82,41897.42333,42032.02667,42166.63,42301.23333,42207.07333,42112.91333,42018.75333,41924.59333,41830.43333,41736.27333,41642.11333,41547.95333,41453.79333,41359.63333,40738.28,40116.92667,39495.57333,38874.22,38252.86667,37631.51333,37010.16,36388.80667,35767.45333,35146.1,34279.55667,33413.01333,32546.47,31679.92667,30813.38333,29946.84,29080.29667,28213.75333,27347.21,26480.66667,25368.89667,24257.12667,23145.35667,22033.58667,20921.81667,19810.04667,18698.27667,17586.50667,16474.73667,15362.96667,15373.85667,15384.74667,15395.63667,15406.52667,15417.41667,15428.30667,15439.19667,15450.08667,15460.97667,15471.86667,15482.75667,15493.64667,15504.53667,15515.42667,15526.31667,15537.20667,15548.09667,15558.98667,15569.87667,15580.76667,15162.80333,14744.84,14326.87667,13908.91333,13490.95,13072.98667,12655.02333,12237.06,11819.09667,11401.13333,11102.04333,10802.95333,10503.86333,10204.77333,9905.683333,9606.593333,9307.503333,9008.413333,8709.323333,8410.233333,8289.343333,8168.453333,8047.563333,7926.673333,7805.783333,7684.893333,7564.003333,7443.113333,7322.223333,7201.333333,7107.943333,7014.553333,6921.163333,6827.773333,6734.383333,6640.993333,6547.603333,6454.213333,6360.823333,6267.433333,6171.504167,6075.575,5979.645833,5883.716667,5787.7875,5691.858333,5595.929167,5500,5629.8,5671.6
MiniCAM,rcp45,World,Emissions|CO2|MAGICC AFOLU,Mt CO2/yr,2294.233333,2085.306667,1876.38,1667.453333,1458.526667,1249.6,1203.95,1158.3,1112.65,1067,1021.35,975.7,930.05,884.4,838.75,793.1,786.6466667,780.1933333,773.74,767.2866667,760.8333333,754.38,747.9266667,741.4733333,735.02,728.5666667,746.8633333,765.16,783.4566667,801.7533333,820.05,838.3466667,856.6433333,874.94,893.2366667,911.5333333,887.8833333,864.2333333,840.5833333,816.9333333,793.2833333,769.6333333,745.9833333,722.3333333,698.6833333,675.0333333,645.59,616.1466667,586.7033333,557.26,527.8166667,498.3733333,468.93,439.4866667,410.0433333,380.6,345.4,310.2,275,239.8,204.6,169.4,134.2,99,63.8,28.6,35.67666667,42.75333333,49.83,56.90666667,63.98333333,71.06,78.13666667,85.21333333,92.29,99.36666667,106.4066667,113.4466667,120.4866667,127.5266667,134.5666667,141.6066667,148.6466667,155.6866667,162.7266667,169.7666667,162.9833333,156.2,149.4166667,142.6333333,135.85,129.0666667,122.2833333,115.5,108.7166667,101.9333333,95.11333333,88.29333333,81.47333333,74.65333333,67.83333333,61.01333333,54.19333333,47.37333333,40.55333333,33.73333333,30.36,26.98666667,23.61333333,20.24,16.86666667,13.49333333,10.12,6.746666667,3.373333333,0,0,0,0,0,0,0,0,0,0,0,0,0,0,0,0,0,0,0,0,0
MiniCAM,rcp45,World,Emissions|CO2|MAGICC Fossil and Industrial,Mt CO2/yr,33877.98333,34341.48667,34804.99,35268.49333,35731.99667,36195.5,36592.16,36988.82,37385.48,37782.14,38178.8,38575.46,38972.12,39368.78,39765.44,40162.1,40303.15667,40444.21333,40585.27,40726.32667,40867.38333,41008.44,41149.49667,41290.55333,41431.61,41572.66667,41460.21,41347.75333,41235.29667,41122.84,41010.38333,40897.92667,40785.47,40673.01333,40560.55667,40448.1,39850.39667,39252.69333,38654.99,38057.28667,37459.58333,36861.88,36264.17667,35666.47333,35068.77,34471.06667,33633.96667,32796.86667,31959.76667,31122.66667,30285.56667,29448.46667,28611.36667,27774.26667,26937.16667,26100.06667,25023.49667,23946.92667,22870.35667,21793.78667,20717.21667,19640.64667,18564.07667,17487.50667,16410.93667,15334.36667,15338.18,15341.99333,15345.80667,15349.62,15353.43333,15357.24667,15361.06,15364.87333,15368.68667,15372.5,15376.35,15380.2,15384.05,15387.9,15391.75,15395.6,15399.45,15403.3,15407.15,15411,14999.82,14588.64,14177.46,13766.28,13355.1,12943.92,12532.74,12121.56,11710.38,11299.2,11006.93,10714.66,10422.39,10130.12,9837.85,9545.58,9253.31,8961.04,8668.77,8376.5,8258.983333,8141.466667,8023.95,7906.433333,7788.916667,7671.4,7553.883333,7436.366667,7318.85,7201.333333,7107.943333,7014.553333,6921.163333,6827.773333,6734.383333,6640.993333,6547.603333,6454.213333,6360.823333,6267.433333,6171.504167,6075.575,5979.645833,5883.716667,5787.7875,5691.858333,5595.929167,5500,5629.8,5671.6
REMIND-MAGPIE,ssp534-over,World,Emissions|CO2,Mt CO2/yr,39152.7263,40064.70676,40976.68721,41888.66767,42800.64812,43712.62858,44871.36739,46030.10619,47188.84499,48347.5838,49506.3226,50665.06141,51823.80021,52982.53902,54141.27782,55300.01663,56647.47772,57994.93881,59342.39989,60689.86098,62037.32207,63384.78316,64732.24425,66079.70533,67427.16642,68774.62751,66929.07426,65083.52101,63237.96776,61392.41451,59546.86125,57701.308,55855.75475,54010.2015,52164.64825,50319.095,46945.45232,43571.80965,40198.16697,36824.5243,33450.88162,30077.23894,26703.59627,23329.95359,19956.31092,16582.66824,14347.59522,12112.5222,9877.449181,7642.376161,5407.303142,3172.230122,937.1571021,-1297.915918,-3532.988937,-5768.061957,-6676.789039,-7585.516122,-8494.243204,-9402.970286,-10311.69737,-11220.42445,-12129.15153,-13037.87862,-13946.6057,-14855.33278,-15225.424,-15595.51522,-15965.60644,-16335.69766,-16705.78888,-17075.8801,-17445.97132,-17816.06254,-18186.15376,-18556.24498,-18731.75868,-18907.27238,-19082.78608,-19258.29978,-19433.81348,-19609.32718,-19784.84088,-19960.35458,-20135.86828,-20311.38198,-20295.36398,-20279.34598,-20263.32798,-20247.30998,-20231.29198,-20215.27398,-20199.25598,-20183.23798,-20167.21998,-20151.20198,-20135.18398,-20119.16598,-20103.14798,-20087.12998,-20071.11198,-20055.09398,-20039.07598,-20023.05798,-20007.03998,-19991.02198,-19975.00398,-19958.98598,-19942.96798,-19926.94998,-19910.93198,-19894.91398,-19878.89598,-19862.87798,-19846.85998,-19830.84198,-19814.82398,-19798.80598,-19782.78798,-19766.76998,-19750.75198,-19734.73398,-19718.71598,-19702.69798,-19686.67998,-19670.66198,-19004.29458,-18337.92718,-17671.55978,-17005.19238,-16338.82499,-15672.45759,-15006.09019,-14339.72279,-13673.35539,-13006.98799
REMIND-MAGPIE,ssp534-over,World,Emissions|CO2|MAGICC AFOLU,Mt CO2/yr,3517.44,3603.945225,3690.450451,3776.955676,3863.460902,3949.966127,4010.000124,4070.03412,4130.068117,4190.102113,4250.13611,4310.170107,4370.204103,4430.2381,4490.272096,4550.306093,4438.741936,4327.177778,4215.613621,4104.049463,3992.485306,3880.921149,3769.356991,3657.792834,3546.228676,3434.664519,3366.702168,3298.739817,3230.777466,3162.815115,3094.852763,3026.890412,2958.928061,2890.96571,2823.003359,2755.041008,2956.732032,3158.423055,3360.114079,3561.805102,3763.496126,3965.18715,4166.878173,4368.569197,4570.26022,4771.951244,4544.851181,4317.751118,4090.651055,3863.550992,3636.45093,3409.350867,3182.250804,2955.150741,2728.050678,2500.950615,2341.235553,2181.520492,2021.80543,1862.090369,1702.375307,1542.660246,1382.945184,1223.230123,1063.515062,903.8,819.232,734.664,650.096,565.528,480.96,396.392,311.824,227.256,142.688,58.12,-27.782,-113.684,-199.586,-285.488,-371.39,-457.292,-543.194,-629.096,-714.998,-800.9,-784.882,-768.864,-752.846,-736.828,-720.81,-704.792,-688.774,-672.756,-656.738,-640.72,-624.702,-608.684,-592.666,-576.648,-560.63,-544.612,-528.594,-512.576,-496.558,-480.54,-464.522,-448.504,-432.486,-416.468,-400.45,-384.432,-368.414,-352.396,-336.378,-320.36,-304.342,-288.324,-272.306,-256.288,-240.27,-224.252,-208.234,-192.216,-176.198,-160.18,-144.162,-128.144,-112.126,-96.108,-80.09,-64.072,-48.054,-32.036,-16.018,0
REMIND-MAGPIE,ssp534-over,World,Emissions|CO2|MAGICC Fossil and Industrial,Mt CO2/yr,35635.2863,36460.76153,37286.23676,38111.71199,38937.18722,39762.66245,40861.36726,41960.07207,43058.77688,44157.48169,45256.1865,46354.8913,47453.59611,48552.30092,49651.00573,50749.71054,52208.73579,53667.76103,55126.78628,56585.81152,58044.83676,59503.86201,60962.88726,62421.9125,63880.93775,65339.96299,63562.37209,61784.78119,60007.19029,58229.59939,56452.00849,54674.41759,52896.82669,51119.23579,49341.64489,47564.05399,43988.72029,40413.38659,36838.05289,33262.71919,29687.3855,26112.0518,22536.7181,18961.3844,15386.0507,11810.717,9802.744043,7794.771086,5786.798128,3778.825171,1770.852214,-237.1207432,-2245.0937,-4253.066658,-6261.039615,-8269.012572,-9018.024593,-9767.036614,-10516.04863,-11265.06066,-12014.07268,-12763.0847,-13512.09672,-14261.10874,-15010.12076,-15759.13278,-16044.656,-16330.17922,-16615.70244,-16901.22566,-17186.74888,-17472.2721,-17757.79532,-18043.31854,-18328.84176,-18614.36498,-18703.97668,-18793.58838,-18883.20008,-18972.81178,-19062.42348,-19152.03518,-19241.64688,-19331.25858,-19420.87028,-19510.48198,-19510.48198,-19510.48198,-19510.48198,-19510.48198,-19510.48198,-19510.48198,-19510.48198,-19510.48198,-19510.48198,-19510.48198,-19510.48198,-19510.48198,-19510.48198,-19510.48198,-19510.48198,-19510.48198,-19510.48198,-19510.48198,-19510.48198,-19510.48198,-19510.48198,-19510.48198,-19510.48198,-19510.48198,-19510.48198,-19510.48198,-19510.48198,-19510.48198,-19510.48198,-19510.48198,-19510.48198,-19510.48198,-19510.48198,-19510.48198,-19510.48198,-19510.48198,-19510.48198,-19510.48198,-19510.48198,-19510.48198,-18860.13258,-18209.78318,-17559.43378,-16909.08438,-16258.73498,-15608.38559,-14958.03619,-14307.68679,-13657.33739,-13006.98799
REMIND-MAGPIE,ssp585,World,Emissions|CO2,Mt CO2/yr,39152.7263,40064.65075,40976.5752,41888.49966,42800.42411,43712.34856,44870.77203,46029.19549,47187.61896,48346.04243,49504.4659,50662.88936,51821.31283,52979.7363,54138.15976,55296.58323,56644.49473,57992.40622,59340.31772,60688.22922,62036.14071,63384.05221,64731.96371,66079.87521,67427.7867,68775.6982,70227.95037,71680.20255,73132.45472,74584.7069,76036.95907,77489.21124,78941.46342,80393.71559,81845.96777,83298.21994,85002.25857,86706.29719,88410.33582,90114.37444,91818.41307,93522.4517,95226.49032,96930.52895,98634.56757,100338.6062,101985.2705,103631.9348,105278.5991,106925.2634,108571.9278,110218.5921,111865.2564,113511.9207,115158.585,116805.2493,118089.4279,119373.6064,120657.785,121941.9636,123226.1421,124510.3207,125794.4993,127078.6779,128362.8564,129647.035,129739.9554,129832.8758,129925.7961,130018.7165,130111.6369,130204.5573,130297.4777,130390.398,130483.3184,130576.2388,130147.3459,129718.453,129289.5601,128860.6672,128431.7743,128002.8813,127573.9884,127145.0955,126716.2026,126287.3097,125465.7985,124644.2874,123822.7762,123001.265,122179.7539,121358.2427,120536.7315,119715.2203,118893.7092,118072.198,117250.6868,116429.1757,115607.6645,114786.1534,113964.6422,113143.131,112321.6199,111500.1087,110678.5976,109857.0864,109035.5752,108214.0641,107392.5529,106571.0417,105749.5306,104928.0194,104106.5082,103284.997,102463.4859,101641.9747,100820.4635,99998.95236,99177.4412,98355.93003,97534.41886,96712.90769,95891.39652,95069.88536,94248.37419,93426.86302,92605.35185,91783.84069,90962.32952,90140.81835,89319.30719,88497.79602,87676.28485,86854.77368,86033.26252,85211.75135
REMIND-MAGPIE,ssp585,World,Emissions|CO2|MAGICC AFOLU,Mt CO2/yr,3517.44,3603.889223,3690.338446,3776.78767,3863.236893,3949.686116,4009.404773,4069.123431,4128.842088,4188.560746,4248.279403,4307.99806,4367.716718,4427.435375,4487.154033,4546.87269,4435.758943,4324.645195,4213.531448,4102.4177,3991.303953,3880.190205,3769.076458,3657.96271,3546.848962,3435.735215,3297.460469,3159.185722,3020.910976,2882.636229,2744.361483,2606.086736,2467.81199,2329.537243,2191.262497,2052.98775,1861.628574,1670.269398,1478.910222,1287.551046,1096.19187,904.8326944,713.4735184,522.1143425,330.7551665,139.3959906,102.4633165,65.53064236,28.59796824,-8.33470588,-45.26738,-82.20005412,-119.1327282,-156.0654024,-192.9980765,-229.9307506,-221.7228955,-213.5150405,-205.3071854,-197.0993304,-188.8914753,-180.6836202,-172.4757652,-164.2679101,-156.0600551,-147.8522,-182.6038,-217.3554,-252.107,-286.8586,-321.6102,-356.3618,-391.1134,-425.865,-460.6166,-495.3682,-598.86311,-702.35802,-805.85293,-909.34784,-1012.84275,-1116.33766,-1219.83257,-1323.32748,-1426.82239,-1530.3173,-1499.710954,-1469.104608,-1438.498262,-1407.891916,-1377.28557,-1346.679224,-1316.072878,-1285.466532,-1254.860186,-1224.25384,-1193.647494,-1163.041148,-1132.434802,-1101.828456,-1071.22211,-1040.615764,-1010.009418,-979.403072,-948.796726,-918.19038,-887.584034,-856.977688,-826.371342,-795.764996,-765.15865,-734.552304,-703.945958,-673.339612,-642.733266,-612.12692,-581.520574,-550.914228,-520.307882,-489.701536,-459.09519,-428.488844,-397.882498,-367.276152,-336.669806,-306.06346,-275.457114,-244.850768,-214.244422,-183.638076,-153.03173,-122.425384,-91.819038,-61.212692,-30.606346,0
REMIND-MAGPIE,ssp585,World,Emissions|CO2|MAGICC Fossil and Industrial,Mt CO2/yr,35635.2863,36460.76153,37286.23676,38111.71199,38937.18722,39762.66245,40861.36726,41960.07207,43058.77688,44157.48169,45256.1865,46354.8913,47453.59611,48552.30092,49651.00573,50749.71054,52208.73579,53667.76103,55126.78628,56585.81152,58044.83676,59503.86201,60962.88726,62421.9125,63880.93775,65339.96299,66930.48991,68521.01683,70111.54375,71702.07067,73292.59759,74883.12451,76473.65143,78064.17835,79654.70527,81245.23219,83140.62999,85036.02779,86931.42559,88826.82339,90722.22119,92617.619,94513.0168,96408.4146,98303.8124,100199.2102,101882.8072,103566.4042,105250.0012,106933.5982,108617.1952,110300.7921,111984.3891,113667.9861,115351.5831,117035.1801,118311.1508,119587.1215,120863.0922,122139.0629,123415.0337,124691.0044,125966.9751,127242.9458,128518.9165,129794.8872,129922.5592,130050.2312,130177.9031,130305.5751,130433.2471,130560.9191,130688.5911,130816.263,130943.935,131071.607,130746.209,130420.811,130095.413,129770.015,129444.617,129119.219,128793.821,128468.423,128143.025,127817.627,126965.5095,126113.392,125261.2745,124409.157,123557.0395,122704.9219,121852.8044,121000.6869,120148.5694,119296.4519,118444.3344,117592.2169,116740.0994,115887.9819,115035.8644,114183.7468,113331.6293,112479.5118,111627.3943,110775.2768,109923.1593,109071.0418,108218.9242,107366.8067,106514.6892,105662.5717,104810.4542,103958.3366,103106.2191,102254.1016,101401.9841,100549.8666,99697.74906,98845.63155,97993.51404,97141.39653,96289.27902,95437.1615,94585.04399,93732.92648,92880.80897,92028.69145,91176.57394,90324.45643,89472.33892,88620.2214,87768.10389,86915.98638,86063.86886,85211.75135
